name,url
Accctrl.h,https://learn.microsoft.com/en-us/windows/win32/api/accctrl/
Accountssettingspaneinterop.h,https://learn.microsoft.com/en-us/windows/win32/api/accountssettingspaneinterop/
Aclapi.h,https://learn.microsoft.com/en-us/windows/win32/api/aclapi/
Aclui.h,https://learn.microsoft.com/en-us/windows/win32/api/aclui/
Activation.h,https://learn.microsoft.com/en-us/windows/win32/api/activation/
Activationregistration.h,https://learn.microsoft.com/en-us/windows/win32/api/activationregistration/
Activitycoordinator.h,https://learn.microsoft.com/en-us/windows/win32/api/activitycoordinator/
Activitycoordinatortypes.h,https://learn.microsoft.com/en-us/windows/win32/api/activitycoordinatortypes/
Adhoc.h,https://learn.microsoft.com/en-us/windows/win32/api/adhoc/
Adshlp.h,https://learn.microsoft.com/en-us/windows/win32/api/adshlp/
Adsprop.h,https://learn.microsoft.com/en-us/windows/win32/api/adsprop/
Adtgen.h,https://learn.microsoft.com/en-us/windows/win32/api/adtgen/
Advpub.h,https://learn.microsoft.com/en-us/windows/win32/api/advpub/
Af_irda.h,https://learn.microsoft.com/en-us/windows/win32/api/af_irda/
Amaudio.h,https://learn.microsoft.com/en-us/windows/win32/api/amaudio/
Amparse.h,https://learn.microsoft.com/en-us/windows/win32/api/amparse/
Amsi.h,https://learn.microsoft.com/en-us/windows/win32/api/amsi/
Amstream.h,https://learn.microsoft.com/en-us/windows/win32/api/amstream/
Amva.h,https://learn.microsoft.com/en-us/windows/win32/api/amva/
Amvideo.h,https://learn.microsoft.com/en-us/windows/win32/api/amvideo/
Amxmlgraphbuilder.h,https://learn.microsoft.com/en-us/windows/win32/api/amxmlgraphbuilder/
Apiquery2.h,https://learn.microsoft.com/en-us/windows/win32/api/apiquery2/
Appcompatapi.h,https://learn.microsoft.com/en-us/windows/win32/api/appcompatapi/
Appmgmt.h,https://learn.microsoft.com/en-us/windows/win32/api/appmgmt/
Appmodel.h,https://learn.microsoft.com/en-us/windows/win32/api/appmodel/
Appnotify.h,https://learn.microsoft.com/en-us/windows/win32/api/appnotify/
Appxpackaging.h,https://learn.microsoft.com/en-us/windows/win32/api/appxpackaging/
Asyncinfo.h,https://learn.microsoft.com/en-us/windows/win32/api/asyncinfo/
Atacct.h,https://learn.microsoft.com/en-us/windows/win32/api/atacct/
Atlthunk.h,https://learn.microsoft.com/en-us/windows/win32/api/atlthunk/
Audevcod.h,https://learn.microsoft.com/en-us/windows/win32/api/audevcod/
Audioapotypes.h,https://learn.microsoft.com/en-us/windows/win32/api/audioapotypes/
Audioclient.h,https://learn.microsoft.com/en-us/windows/win32/api/audioclient/
Audioclientactivationparams.h,https://learn.microsoft.com/en-us/windows/win32/api/audioclientactivationparams/
Audioendpoints.h,https://learn.microsoft.com/en-us/windows/win32/api/audioendpoints/
Audioenginebaseapo.h,https://learn.microsoft.com/en-us/windows/win32/api/audioenginebaseapo/
Audioengineendpoint.h,https://learn.microsoft.com/en-us/windows/win32/api/audioengineendpoint/
Audioengineextensionapo.h,https://learn.microsoft.com/en-us/windows/win32/api/audioengineextensionapo/
Audiomediatype.h,https://learn.microsoft.com/en-us/windows/win32/api/audiomediatype/
Audiopolicy.h,https://learn.microsoft.com/en-us/windows/win32/api/audiopolicy/
Audiosessiontypes.h,https://learn.microsoft.com/en-us/windows/win32/api/audiosessiontypes/
Austream.h,https://learn.microsoft.com/en-us/windows/win32/api/austream/
Authif.h,https://learn.microsoft.com/en-us/windows/win32/api/authif/
Authz.h,https://learn.microsoft.com/en-us/windows/win32/api/authz/
Aux_ulib.h,https://learn.microsoft.com/en-us/windows/win32/api/aux_ulib/
Avifmt.h,https://learn.microsoft.com/en-us/windows/win32/api/avifmt/
Aviriff.h,https://learn.microsoft.com/en-us/windows/win32/api/aviriff/
Avrfsdk.h,https://learn.microsoft.com/en-us/windows/win32/api/avrfsdk/
Avrt.h,https://learn.microsoft.com/en-us/windows/win32/api/avrt/
Azroles.h,https://learn.microsoft.com/en-us/windows/win32/api/azroles/
Baseaudioprocessingobject.h,https://learn.microsoft.com/en-us/windows/win32/api/baseaudioprocessingobject/
Batclass.h,https://learn.microsoft.com/en-us/windows/win32/api/batclass/
Bcp47mrm.h,https://learn.microsoft.com/en-us/windows/win32/api/bcp47mrm/
Bcrypt.h,https://learn.microsoft.com/en-us/windows/win32/api/bcrypt/
Bdaiface.h,https://learn.microsoft.com/en-us/windows/win32/api/bdaiface/
Bits.h,https://learn.microsoft.com/en-us/windows/win32/api/bits/
Bits1_5.h,https://learn.microsoft.com/en-us/windows/win32/api/bits1_5/
Bits10_1.h,https://learn.microsoft.com/en-us/windows/win32/api/bits10_1/
Bits10_2.h,https://learn.microsoft.com/en-us/windows/win32/api/bits10_2/
Bits10_3.h,https://learn.microsoft.com/en-us/windows/win32/api/bits10_3/
Bits2_0.h,https://learn.microsoft.com/en-us/windows/win32/api/bits2_0/
Bits2_5.h,https://learn.microsoft.com/en-us/windows/win32/api/bits2_5/
Bits3_0.h,https://learn.microsoft.com/en-us/windows/win32/api/bits3_0/
Bits4_0.h,https://learn.microsoft.com/en-us/windows/win32/api/bits4_0/
Bits5_0.h,https://learn.microsoft.com/en-us/windows/win32/api/bits5_0/
Bitscfg.h,https://learn.microsoft.com/en-us/windows/win32/api/bitscfg/
Bluetoothapis.h,https://learn.microsoft.com/en-us/windows/win32/api/bluetoothapis/
Bluetoothleapis.h,https://learn.microsoft.com/en-us/windows/win32/api/bluetoothleapis/
Bthdef.h,https://learn.microsoft.com/en-us/windows/win32/api/bthdef/
Bthledef.h,https://learn.microsoft.com/en-us/windows/win32/api/bthledef/
Bthsdpdef.h,https://learn.microsoft.com/en-us/windows/win32/api/bthsdpdef/
Callobj.h,https://learn.microsoft.com/en-us/windows/win32/api/callobj/
Camerauicontrol.h,https://learn.microsoft.com/en-us/windows/win32/api/camerauicontrol/
Capi.h,https://learn.microsoft.com/en-us/windows/win32/api/capi/
Casetup.h,https://learn.microsoft.com/en-us/windows/win32/api/casetup/
Ccgplugins.h,https://learn.microsoft.com/en-us/windows/win32/api/ccgplugins/
Cchannel.h,https://learn.microsoft.com/en-us/windows/win32/api/cchannel/
Celib.h,https://learn.microsoft.com/en-us/windows/win32/api/celib/
Certadm.h,https://learn.microsoft.com/en-us/windows/win32/api/certadm/
Certbcli.h,https://learn.microsoft.com/en-us/windows/win32/api/certbcli/
Certcli.h,https://learn.microsoft.com/en-us/windows/win32/api/certcli/
Certenc.h,https://learn.microsoft.com/en-us/windows/win32/api/certenc/
Certenroll.h,https://learn.microsoft.com/en-us/windows/win32/api/certenroll/
Certexit.h,https://learn.microsoft.com/en-us/windows/win32/api/certexit/
Certif.h,https://learn.microsoft.com/en-us/windows/win32/api/certif/
Certmod.h,https://learn.microsoft.com/en-us/windows/win32/api/certmod/
Certpol.h,https://learn.microsoft.com/en-us/windows/win32/api/certpol/
Certpoleng.h,https://learn.microsoft.com/en-us/windows/win32/api/certpoleng/
Certsrv.h,https://learn.microsoft.com/en-us/windows/win32/api/certsrv/
Certview.h,https://learn.microsoft.com/en-us/windows/win32/api/certview/
Cfapi.h,https://learn.microsoft.com/en-us/windows/win32/api/cfapi/
Cfg.h,https://learn.microsoft.com/en-us/windows/win32/api/cfg/
Cfgmgr32.h,https://learn.microsoft.com/en-us/windows/win32/api/cfgmgr32/
Chptrarr.h,https://learn.microsoft.com/en-us/windows/win32/api/chptrarr/
Chstrarr.h,https://learn.microsoft.com/en-us/windows/win32/api/chstrarr/
Chstring.h,https://learn.microsoft.com/en-us/windows/win32/api/chstring/
Cimfs.h,https://learn.microsoft.com/en-us/windows/win32/api/cimfs/
Clfs.h,https://learn.microsoft.com/en-us/windows/win32/api/clfs/
Clfsmgmt.h,https://learn.microsoft.com/en-us/windows/win32/api/clfsmgmt/
Clfsmgmtw32.h,https://learn.microsoft.com/en-us/windows/win32/api/clfsmgmtw32/
Clfsw32.h,https://learn.microsoft.com/en-us/windows/win32/api/clfsw32/
Cloneviewhelper.h,https://learn.microsoft.com/en-us/windows/win32/api/cloneviewhelper/
Cluadmex.h,https://learn.microsoft.com/en-us/windows/win32/api/cluadmex/
Clusapi.h,https://learn.microsoft.com/en-us/windows/win32/api/clusapi/
Cmdtree.h,https://learn.microsoft.com/en-us/windows/win32/api/cmdtree/
Cmnquery.h,https://learn.microsoft.com/en-us/windows/win32/api/cmnquery/
Codecapi.h,https://learn.microsoft.com/en-us/windows/win32/api/codecapi/
Comadmin.h,https://learn.microsoft.com/en-us/windows/win32/api/comadmin/
Combaseapi.h,https://learn.microsoft.com/en-us/windows/win32/api/combaseapi/
Comcat.h,https://learn.microsoft.com/en-us/windows/win32/api/comcat/
Coml2api.h,https://learn.microsoft.com/en-us/windows/win32/api/coml2api/
Commctrl.h,https://learn.microsoft.com/en-us/windows/win32/api/commctrl/
Commdlg.h,https://learn.microsoft.com/en-us/windows/win32/api/commdlg/
Commoncontrols.h,https://learn.microsoft.com/en-us/windows/win32/api/commoncontrols/
Comppkgsup.h,https://learn.microsoft.com/en-us/windows/win32/api/comppkgsup/
Compressapi.h,https://learn.microsoft.com/en-us/windows/win32/api/compressapi/
Comsvcs.h,https://learn.microsoft.com/en-us/windows/win32/api/comsvcs/
Control.h,https://learn.microsoft.com/en-us/windows/win32/api/control/
Corewindow.h,https://learn.microsoft.com/en-us/windows/win32/api/corewindow/
Cpl.h,https://learn.microsoft.com/en-us/windows/win32/api/cpl/
Credentialprovider.h,https://learn.microsoft.com/en-us/windows/win32/api/credentialprovider/
Credssp.h,https://learn.microsoft.com/en-us/windows/win32/api/credssp/
Cryptdlg.h,https://learn.microsoft.com/en-us/windows/win32/api/cryptdlg/
Cryptuiapi.h,https://learn.microsoft.com/en-us/windows/win32/api/cryptuiapi/
Cryptxml.h,https://learn.microsoft.com/en-us/windows/win32/api/cryptxml/
Cscapi.h,https://learn.microsoft.com/en-us/windows/win32/api/cscapi/
Cscobj.h,https://learn.microsoft.com/en-us/windows/win32/api/cscobj/
Ctffunc.h,https://learn.microsoft.com/en-us/windows/win32/api/ctffunc/
Ctfspui.h,https://learn.microsoft.com/en-us/windows/win32/api/ctfspui/
Ctfutb.h,https://learn.microsoft.com/en-us/windows/win32/api/ctfutb/
Ctxtcall.h,https://learn.microsoft.com/en-us/windows/win32/api/ctxtcall/
D2d1.h,https://learn.microsoft.com/en-us/windows/win32/api/d2d1/
D2d1_1.h,https://learn.microsoft.com/en-us/windows/win32/api/d2d1_1/
D2d1_1helper.h,https://learn.microsoft.com/en-us/windows/win32/api/d2d1_1helper/
D2d1_2.h,https://learn.microsoft.com/en-us/windows/win32/api/d2d1_2/
D2d1_3.h,https://learn.microsoft.com/en-us/windows/win32/api/d2d1_3/
D2d1_3helper.h,https://learn.microsoft.com/en-us/windows/win32/api/d2d1_3helper/
D2d1effectauthor.h,https://learn.microsoft.com/en-us/windows/win32/api/d2d1effectauthor/
D2d1effectauthor_1.h,https://learn.microsoft.com/en-us/windows/win32/api/d2d1effectauthor_1/
D2d1effecthelpers.h,https://learn.microsoft.com/en-us/windows/win32/api/d2d1effecthelpers/
D2d1effects.h,https://learn.microsoft.com/en-us/windows/win32/api/d2d1effects/
D2d1effects_1.h,https://learn.microsoft.com/en-us/windows/win32/api/d2d1effects_1/
D2d1effects_2.h,https://learn.microsoft.com/en-us/windows/win32/api/d2d1effects_2/
D2d1helper.h,https://learn.microsoft.com/en-us/windows/win32/api/d2d1helper/
D2d1svg.h,https://learn.microsoft.com/en-us/windows/win32/api/d2d1svg/
D3d10.h,https://learn.microsoft.com/en-us/windows/win32/api/d3d10/
D3d10_1.h,https://learn.microsoft.com/en-us/windows/win32/api/d3d10_1/
D3d10_1shader.h,https://learn.microsoft.com/en-us/windows/win32/api/d3d10_1shader/
D3d10effect.h,https://learn.microsoft.com/en-us/windows/win32/api/d3d10effect/
D3d10misc.h,https://learn.microsoft.com/en-us/windows/win32/api/d3d10misc/
D3d10sdklayers.h,https://learn.microsoft.com/en-us/windows/win32/api/d3d10sdklayers/
D3d10shader.h,https://learn.microsoft.com/en-us/windows/win32/api/d3d10shader/
D3d11.h,https://learn.microsoft.com/en-us/windows/win32/api/d3d11/
D3d11_1.h,https://learn.microsoft.com/en-us/windows/win32/api/d3d11_1/
D3d11_2.h,https://learn.microsoft.com/en-us/windows/win32/api/d3d11_2/
D3d11_3.h,https://learn.microsoft.com/en-us/windows/win32/api/d3d11_3/
D3d11_4.h,https://learn.microsoft.com/en-us/windows/win32/api/d3d11_4/
D3d11on12.h,https://learn.microsoft.com/en-us/windows/win32/api/d3d11on12/
D3d11sdklayers.h,https://learn.microsoft.com/en-us/windows/win32/api/d3d11sdklayers/
D3d11shader.h,https://learn.microsoft.com/en-us/windows/win32/api/d3d11shader/
D3d11shadertracing.h,https://learn.microsoft.com/en-us/windows/win32/api/d3d11shadertracing/
D3d12.h,https://learn.microsoft.com/en-us/windows/win32/api/d3d12/
D3d12sdklayers.h,https://learn.microsoft.com/en-us/windows/win32/api/d3d12sdklayers/
D3d12shader.h,https://learn.microsoft.com/en-us/windows/win32/api/d3d12shader/
D3d12video.h,https://learn.microsoft.com/en-us/windows/win32/api/d3d12video/
D3d9.h,https://learn.microsoft.com/en-us/windows/win32/api/d3d9/
D3d9caps.h,https://learn.microsoft.com/en-us/windows/win32/api/d3d9caps/
D3d9helper.h,https://learn.microsoft.com/en-us/windows/win32/api/d3d9helper/
D3dcommon.h,https://learn.microsoft.com/en-us/windows/win32/api/d3dcommon/
D3dcompiler.h,https://learn.microsoft.com/en-us/windows/win32/api/d3dcompiler/
D3dcsx.h,https://learn.microsoft.com/en-us/windows/win32/api/d3dcsx/
Datetimeapi.h,https://learn.microsoft.com/en-us/windows/win32/api/datetimeapi/
Davclnt.h,https://learn.microsoft.com/en-us/windows/win32/api/davclnt/
Dbghelp.h,https://learn.microsoft.com/en-us/windows/win32/api/dbghelp/
Dbt.h,https://learn.microsoft.com/en-us/windows/win32/api/dbt/
Dciman.h,https://learn.microsoft.com/en-us/windows/win32/api/dciman/
Dcommon.h,https://learn.microsoft.com/en-us/windows/win32/api/dcommon/
Dcomp.h,https://learn.microsoft.com/en-us/windows/win32/api/dcomp/
Dcompanimation.h,https://learn.microsoft.com/en-us/windows/win32/api/dcompanimation/
Dcomptypes.h,https://learn.microsoft.com/en-us/windows/win32/api/dcomptypes/
Dde.h,https://learn.microsoft.com/en-us/windows/win32/api/dde/
Ddeml.h,https://learn.microsoft.com/en-us/windows/win32/api/ddeml/
Ddkernel.h,https://learn.microsoft.com/en-us/windows/win32/api/ddkernel/
Ddkmapi.h,https://learn.microsoft.com/en-us/windows/win32/api/ddkmapi/
Ddpbackup.h,https://learn.microsoft.com/en-us/windows/win32/api/ddpbackup/
Ddraw.h,https://learn.microsoft.com/en-us/windows/win32/api/ddraw/
Ddrawgdi.h,https://learn.microsoft.com/en-us/windows/win32/api/ddrawgdi/
Ddrawi.h,https://learn.microsoft.com/en-us/windows/win32/api/ddrawi/
Ddrawint.h,https://learn.microsoft.com/en-us/windows/win32/api/ddrawint/
Ddstream.h,https://learn.microsoft.com/en-us/windows/win32/api/ddstream/
Debugapi.h,https://learn.microsoft.com/en-us/windows/win32/api/debugapi/
Deliveryoptimization.h,https://learn.microsoft.com/en-us/windows/win32/api/deliveryoptimization/
Deviceaccess.h,https://learn.microsoft.com/en-us/windows/win32/api/deviceaccess/
Devicetopology.h,https://learn.microsoft.com/en-us/windows/win32/api/devicetopology/
Dhcpcsdk.h,https://learn.microsoft.com/en-us/windows/win32/api/dhcpcsdk/
Dhcpsapi.h,https://learn.microsoft.com/en-us/windows/win32/api/dhcpsapi/
Dhcpssdk.h,https://learn.microsoft.com/en-us/windows/win32/api/dhcpssdk/
Dhcpv6csdk.h,https://learn.microsoft.com/en-us/windows/win32/api/dhcpv6csdk/
Diagnosticdataquery.h,https://learn.microsoft.com/en-us/windows/win32/api/diagnosticdataquery/
Diagnosticdataquerytypes.h,https://learn.microsoft.com/en-us/windows/win32/api/diagnosticdataquerytypes/
Digitalv.h,https://learn.microsoft.com/en-us/windows/win32/api/digitalv/
Dimm.h,https://learn.microsoft.com/en-us/windows/win32/api/dimm/
Dinput.h,https://learn.microsoft.com/en-us/windows/win32/api/dinput/
Dinputd.h,https://learn.microsoft.com/en-us/windows/win32/api/dinputd/
Directmanipulation.h,https://learn.microsoft.com/en-us/windows/win32/api/directmanipulation/
Directml.h,https://learn.microsoft.com/en-us/windows/win32/api/directml/
Directxcollision.h,https://learn.microsoft.com/en-us/windows/win32/api/directxcollision/
Directxmath.h,https://learn.microsoft.com/en-us/windows/win32/api/directxmath/
Directxpackedvector.h,https://learn.microsoft.com/en-us/windows/win32/api/directxpackedvector/
Dispatcherqueue.h,https://learn.microsoft.com/en-us/windows/win32/api/dispatcherqueue/
Dmemmgr.h,https://learn.microsoft.com/en-us/windows/win32/api/dmemmgr/
Dmerror.h,https://learn.microsoft.com/en-us/windows/win32/api/dmerror/
Dmodshow.h,https://learn.microsoft.com/en-us/windows/win32/api/dmodshow/
Dmoimpl.h,https://learn.microsoft.com/en-us/windows/win32/api/dmoimpl/
Dmoreg.h,https://learn.microsoft.com/en-us/windows/win32/api/dmoreg/
Dmort.h,https://learn.microsoft.com/en-us/windows/win32/api/dmort/
Dmusics.h,https://learn.microsoft.com/en-us/windows/win32/api/dmusics/
Docobj.h,https://learn.microsoft.com/en-us/windows/win32/api/docobj/
Documenttarget.h,https://learn.microsoft.com/en-us/windows/win32/api/documenttarget/
Dot1x.h,https://learn.microsoft.com/en-us/windows/win32/api/dot1x/
Dpa_dsa.h,https://learn.microsoft.com/en-us/windows/win32/api/dpa_dsa/
Dpapi.h,https://learn.microsoft.com/en-us/windows/win32/api/dpapi/
Dragdropinterop.h,https://learn.microsoft.com/en-us/windows/win32/api/dragdropinterop/
Drt.h,https://learn.microsoft.com/en-us/windows/win32/api/drt/
Dsadmin.h,https://learn.microsoft.com/en-us/windows/win32/api/dsadmin/
Dsclient.h,https://learn.microsoft.com/en-us/windows/win32/api/dsclient/
Dsgetdc.h,https://learn.microsoft.com/en-us/windows/win32/api/dsgetdc/
Dshowasf.h,https://learn.microsoft.com/en-us/windows/win32/api/dshowasf/
Dskquota.h,https://learn.microsoft.com/en-us/windows/win32/api/dskquota/
Dsparse.h,https://learn.microsoft.com/en-us/windows/win32/api/dsparse/
Dsquery.h,https://learn.microsoft.com/en-us/windows/win32/api/dsquery/
Dsrole.h,https://learn.microsoft.com/en-us/windows/win32/api/dsrole/
Dssec.h,https://learn.microsoft.com/en-us/windows/win32/api/dssec/
Dvdevcod.h,https://learn.microsoft.com/en-us/windows/win32/api/dvdevcod/
Dvdmedia.h,https://learn.microsoft.com/en-us/windows/win32/api/dvdmedia/
Dvp.h,https://learn.microsoft.com/en-us/windows/win32/api/dvp/
Dwmapi.h,https://learn.microsoft.com/en-us/windows/win32/api/dwmapi/
Dwrite.h,https://learn.microsoft.com/en-us/windows/win32/api/dwrite/
Dwrite_1.h,https://learn.microsoft.com/en-us/windows/win32/api/dwrite_1/
Dwrite_2.h,https://learn.microsoft.com/en-us/windows/win32/api/dwrite_2/
Dwrite_3.h,https://learn.microsoft.com/en-us/windows/win32/api/dwrite_3/
Dxcore.h,https://learn.microsoft.com/en-us/windows/win32/api/dxcore/
Dxcore_interface.h,https://learn.microsoft.com/en-us/windows/win32/api/dxcore_interface/
Dxgi.h,https://learn.microsoft.com/en-us/windows/win32/api/dxgi/
Dxgi1_2.h,https://learn.microsoft.com/en-us/windows/win32/api/dxgi1_2/
Dxgi1_3.h,https://learn.microsoft.com/en-us/windows/win32/api/dxgi1_3/
Dxgi1_4.h,https://learn.microsoft.com/en-us/windows/win32/api/dxgi1_4/
Dxgi1_5.h,https://learn.microsoft.com/en-us/windows/win32/api/dxgi1_5/
Dxgi1_6.h,https://learn.microsoft.com/en-us/windows/win32/api/dxgi1_6/
Dxgicommon.h,https://learn.microsoft.com/en-us/windows/win32/api/dxgicommon/
Dxgidebug.h,https://learn.microsoft.com/en-us/windows/win32/api/dxgidebug/
Dxgiformat.h,https://learn.microsoft.com/en-us/windows/win32/api/dxgiformat/
Dxmini.h,https://learn.microsoft.com/en-us/windows/win32/api/dxmini/
Dxva2api.h,https://learn.microsoft.com/en-us/windows/win32/api/dxva2api/
Dxva9typ.h,https://learn.microsoft.com/en-us/windows/win32/api/dxva9typ/
Dxvahd.h,https://learn.microsoft.com/en-us/windows/win32/api/dxvahd/
Eapauthenticatoractiondefine.h,https://learn.microsoft.com/en-us/windows/win32/api/eapauthenticatoractiondefine/
Eapauthenticatortypes.h,https://learn.microsoft.com/en-us/windows/win32/api/eapauthenticatortypes/
Eaphostpeerconfigapis.h,https://learn.microsoft.com/en-us/windows/win32/api/eaphostpeerconfigapis/
Eaphostpeertypes.h,https://learn.microsoft.com/en-us/windows/win32/api/eaphostpeertypes/
Eapmethodauthenticatorapis.h,https://learn.microsoft.com/en-us/windows/win32/api/eapmethodauthenticatorapis/
Eapmethodpeerapis.h,https://learn.microsoft.com/en-us/windows/win32/api/eapmethodpeerapis/
Eapmethodtypes.h,https://learn.microsoft.com/en-us/windows/win32/api/eapmethodtypes/
Eappapis.h,https://learn.microsoft.com/en-us/windows/win32/api/eappapis/
Eaptypes.h,https://learn.microsoft.com/en-us/windows/win32/api/eaptypes/
Editionupgradehelper.h,https://learn.microsoft.com/en-us/windows/win32/api/editionupgradehelper/
Edpwin32.h,https://learn.microsoft.com/en-us/windows/win32/api/edpwin32/
Efswrtinterop.h,https://learn.microsoft.com/en-us/windows/win32/api/efswrtinterop/
Ehstorapi.h,https://learn.microsoft.com/en-us/windows/win32/api/ehstorapi/
Ehstorextensions.h,https://learn.microsoft.com/en-us/windows/win32/api/ehstorextensions/
Elscore.h,https://learn.microsoft.com/en-us/windows/win32/api/elscore/
Emi.h,https://learn.microsoft.com/en-us/windows/win32/api/emi/
Emptyvc.h,https://learn.microsoft.com/en-us/windows/win32/api/emptyvc/
Enclaveapi.h,https://learn.microsoft.com/en-us/windows/win32/api/enclaveapi/
Endpointvolume.h,https://learn.microsoft.com/en-us/windows/win32/api/endpointvolume/
Errhandlingapi.h,https://learn.microsoft.com/en-us/windows/win32/api/errhandlingapi/
Errorrep.h,https://learn.microsoft.com/en-us/windows/win32/api/errorrep/
Errors.h,https://learn.microsoft.com/en-us/windows/win32/api/errors/
Evalcom2.h,https://learn.microsoft.com/en-us/windows/win32/api/evalcom2/
Evcode.h,https://learn.microsoft.com/en-us/windows/win32/api/evcode/
Evcoll.h,https://learn.microsoft.com/en-us/windows/win32/api/evcoll/
Eventsys.h,https://learn.microsoft.com/en-us/windows/win32/api/eventsys/
Eventtoken.h,https://learn.microsoft.com/en-us/windows/win32/api/eventtoken/
Evntcons.h,https://learn.microsoft.com/en-us/windows/win32/api/evntcons/
Evntprov.h,https://learn.microsoft.com/en-us/windows/win32/api/evntprov/
Evntrace.h,https://learn.microsoft.com/en-us/windows/win32/api/evntrace/
Evr.h,https://learn.microsoft.com/en-us/windows/win32/api/evr/
Evr9.h,https://learn.microsoft.com/en-us/windows/win32/api/evr9/
Exdisp.h,https://learn.microsoft.com/en-us/windows/win32/api/exdisp/
Expandedresources.h,https://learn.microsoft.com/en-us/windows/win32/api/expandedresources/
Exposeenums2managed.h,https://learn.microsoft.com/en-us/windows/win32/api/exposeenums2managed/
Faxcom.h,https://learn.microsoft.com/en-us/windows/win32/api/faxcom/
Faxcomex.h,https://learn.microsoft.com/en-us/windows/win32/api/faxcomex/
Faxdev.h,https://learn.microsoft.com/en-us/windows/win32/api/faxdev/
Faxext.h,https://learn.microsoft.com/en-us/windows/win32/api/faxext/
Faxroute.h,https://learn.microsoft.com/en-us/windows/win32/api/faxroute/
Fci.h,https://learn.microsoft.com/en-us/windows/win32/api/fci/
Fdi.h,https://learn.microsoft.com/en-us/windows/win32/api/fdi/
Fdi_fci_types.h,https://learn.microsoft.com/en-us/windows/win32/api/fdi_fci_types/
Featurestagingapi.h,https://learn.microsoft.com/en-us/windows/win32/api/featurestagingapi/
Fhcfg.h,https://learn.microsoft.com/en-us/windows/win32/api/fhcfg/
Fhsvcctl.h,https://learn.microsoft.com/en-us/windows/win32/api/fhsvcctl/
Fibersapi.h,https://learn.microsoft.com/en-us/windows/win32/api/fibersapi/
Fileapi.h,https://learn.microsoft.com/en-us/windows/win32/api/fileapi/
Fileapifromapp.h,https://learn.microsoft.com/en-us/windows/win32/api/fileapifromapp/
Filehc.h,https://learn.microsoft.com/en-us/windows/win32/api/filehc/
Filter.h,https://learn.microsoft.com/en-us/windows/win32/api/filter/
Filtereg.h,https://learn.microsoft.com/en-us/windows/win32/api/filtereg/
Fltuser.h,https://learn.microsoft.com/en-us/windows/win32/api/fltuser/
Fontsub.h,https://learn.microsoft.com/en-us/windows/win32/api/fontsub/
Frquery.h,https://learn.microsoft.com/en-us/windows/win32/api/frquery/
Fsrm.h,https://learn.microsoft.com/en-us/windows/win32/api/fsrm/
Fsrmenums.h,https://learn.microsoft.com/en-us/windows/win32/api/fsrmenums/
Fsrmpipeline.h,https://learn.microsoft.com/en-us/windows/win32/api/fsrmpipeline/
Fsrmquota.h,https://learn.microsoft.com/en-us/windows/win32/api/fsrmquota/
Fsrmreports.h,https://learn.microsoft.com/en-us/windows/win32/api/fsrmreports/
Fsrmscreen.h,https://learn.microsoft.com/en-us/windows/win32/api/fsrmscreen/
Fsrmtlb.h,https://learn.microsoft.com/en-us/windows/win32/api/fsrmtlb/
Functiondiscoveryapi.h,https://learn.microsoft.com/en-us/windows/win32/api/functiondiscoveryapi/
Functiondiscoveryconstraints.h,https://learn.microsoft.com/en-us/windows/win32/api/functiondiscoveryconstraints/
Functiondiscoveryprovider.h,https://learn.microsoft.com/en-us/windows/win32/api/functiondiscoveryprovider/
Fwpmtypes.h,https://learn.microsoft.com/en-us/windows/win32/api/fwpmtypes/
Fwpmu.h,https://learn.microsoft.com/en-us/windows/win32/api/fwpmu/
Fwpstypes.h,https://learn.microsoft.com/en-us/windows/win32/api/fwpstypes/
Fwptypes.h,https://learn.microsoft.com/en-us/windows/win32/api/fwptypes/
Fxsutility.h,https://learn.microsoft.com/en-us/windows/win32/api/fxsutility/
Gamingdeviceinformation.h,https://learn.microsoft.com/en-us/windows/win32/api/gamingdeviceinformation/
Gamingtcui.h,https://learn.microsoft.com/en-us/windows/win32/api/gamingtcui/
Gb18030.h,https://learn.microsoft.com/en-us/windows/win32/api/gb18030/
Gdiplusbase.h,https://learn.microsoft.com/en-us/windows/win32/api/gdiplusbase/
Gdiplusbrush.h,https://learn.microsoft.com/en-us/windows/win32/api/gdiplusbrush/
Gdipluscolor.h,https://learn.microsoft.com/en-us/windows/win32/api/gdipluscolor/
Gdipluscolormatrix.h,https://learn.microsoft.com/en-us/windows/win32/api/gdipluscolormatrix/
Gdipluseffects.h,https://learn.microsoft.com/en-us/windows/win32/api/gdipluseffects/
Gdiplusenums.h,https://learn.microsoft.com/en-us/windows/win32/api/gdiplusenums/
Gdiplusgraphics.h,https://learn.microsoft.com/en-us/windows/win32/api/gdiplusgraphics/
Gdiplusheaders.h,https://learn.microsoft.com/en-us/windows/win32/api/gdiplusheaders/
Gdiplusimageattributes.h,https://learn.microsoft.com/en-us/windows/win32/api/gdiplusimageattributes/
Gdiplusimagecodec.h,https://learn.microsoft.com/en-us/windows/win32/api/gdiplusimagecodec/
Gdiplusimaging.h,https://learn.microsoft.com/en-us/windows/win32/api/gdiplusimaging/
Gdiplusinit.h,https://learn.microsoft.com/en-us/windows/win32/api/gdiplusinit/
Gdipluslinecaps.h,https://learn.microsoft.com/en-us/windows/win32/api/gdipluslinecaps/
Gdiplusmatrix.h,https://learn.microsoft.com/en-us/windows/win32/api/gdiplusmatrix/
Gdiplusmetaheader.h,https://learn.microsoft.com/en-us/windows/win32/api/gdiplusmetaheader/
Gdipluspath.h,https://learn.microsoft.com/en-us/windows/win32/api/gdipluspath/
Gdipluspen.h,https://learn.microsoft.com/en-us/windows/win32/api/gdipluspen/
Gdipluspixelformats.h,https://learn.microsoft.com/en-us/windows/win32/api/gdipluspixelformats/
Gdiplusstringformat.h,https://learn.microsoft.com/en-us/windows/win32/api/gdiplusstringformat/
Gdiplustypes.h,https://learn.microsoft.com/en-us/windows/win32/api/gdiplustypes/
Genericusbfnioctl.h,https://learn.microsoft.com/en-us/windows/win32/api/genericusbfnioctl/
Gpedit.h,https://learn.microsoft.com/en-us/windows/win32/api/gpedit/
Gpmgmt.h,https://learn.microsoft.com/en-us/windows/win32/api/gpmgmt/
Guiddef.h,https://learn.microsoft.com/en-us/windows/win32/api/guiddef/
Handleapi.h,https://learn.microsoft.com/en-us/windows/win32/api/handleapi/
Hbaapi.h,https://learn.microsoft.com/en-us/windows/win32/api/hbaapi/
Heapapi.h,https://learn.microsoft.com/en-us/windows/win32/api/heapapi/
Highlevelmonitorconfigurationapi.h,https://learn.microsoft.com/en-us/windows/win32/api/highlevelmonitorconfigurationapi/
Holographicspaceinterop.h,https://learn.microsoft.com/en-us/windows/win32/api/holographicspaceinterop/
Hrtfapoapi.h,https://learn.microsoft.com/en-us/windows/win32/api/hrtfapoapi/
Hstring.h,https://learn.microsoft.com/en-us/windows/win32/api/hstring/
Htmlhelp.h,https://learn.microsoft.com/en-us/windows/win32/api/htmlhelp/
Http.h,https://learn.microsoft.com/en-us/windows/win32/api/http/
Iaccess.h,https://learn.microsoft.com/en-us/windows/win32/api/iaccess/
Iads.h,https://learn.microsoft.com/en-us/windows/win32/api/iads/
Icftypes.h,https://learn.microsoft.com/en-us/windows/win32/api/icftypes/
Icm.h,https://learn.microsoft.com/en-us/windows/win32/api/icm/
Icmpapi.h,https://learn.microsoft.com/en-us/windows/win32/api/icmpapi/
Icodecapi.h,https://learn.microsoft.com/en-us/windows/win32/api/icodecapi/
Icontact.h,https://learn.microsoft.com/en-us/windows/win32/api/icontact/
Icontentprefetchertasktrigger.h,https://learn.microsoft.com/en-us/windows/win32/api/icontentprefetchertasktrigger/
Icwcfg.h,https://learn.microsoft.com/en-us/windows/win32/api/icwcfg/
Identitycommon.h,https://learn.microsoft.com/en-us/windows/win32/api/identitycommon/
Identityprovider.h,https://learn.microsoft.com/en-us/windows/win32/api/identityprovider/
Identitystore.h,https://learn.microsoft.com/en-us/windows/win32/api/identitystore/
Ifdef.h,https://learn.microsoft.com/en-us/windows/win32/api/ifdef/
Ifmib.h,https://learn.microsoft.com/en-us/windows/win32/api/ifmib/
Iketypes.h,https://learn.microsoft.com/en-us/windows/win32/api/iketypes/
Il21dec.h,https://learn.microsoft.com/en-us/windows/win32/api/il21dec/
Imagehlp.h,https://learn.microsoft.com/en-us/windows/win32/api/imagehlp/
Imagetranscode.h,https://learn.microsoft.com/en-us/windows/win32/api/imagetranscode/
Imapi.h,https://learn.microsoft.com/en-us/windows/win32/api/imapi/
Imapi2.h,https://learn.microsoft.com/en-us/windows/win32/api/imapi2/
Imapi2fs.h,https://learn.microsoft.com/en-us/windows/win32/api/imapi2fs/
Ime.h,https://learn.microsoft.com/en-us/windows/win32/api/ime/
Imepad.h,https://learn.microsoft.com/en-us/windows/win32/api/imepad/
Imessagedispatcher.h,https://learn.microsoft.com/en-us/windows/win32/api/imessagedispatcher/
Imm.h,https://learn.microsoft.com/en-us/windows/win32/api/imm/
Immdev.h,https://learn.microsoft.com/en-us/windows/win32/api/immdev/
In6addr.h,https://learn.microsoft.com/en-us/windows/win32/api/in6addr/
Inaddr.h,https://learn.microsoft.com/en-us/windows/win32/api/inaddr/
Indexsrv.h,https://learn.microsoft.com/en-us/windows/win32/api/indexsrv/
Infocard.h,https://learn.microsoft.com/en-us/windows/win32/api/infocard/
Infotech.h,https://learn.microsoft.com/en-us/windows/win32/api/infotech/
Inked.h,https://learn.microsoft.com/en-us/windows/win32/api/inked/
Inkpresenterdesktop.h,https://learn.microsoft.com/en-us/windows/win32/api/inkpresenterdesktop/
Inkrenderer.h,https://learn.microsoft.com/en-us/windows/win32/api/inkrenderer/
Inputpaneinterop.h,https://learn.microsoft.com/en-us/windows/win32/api/inputpaneinterop/
Inputpanelconfiguration.h,https://learn.microsoft.com/en-us/windows/win32/api/inputpanelconfiguration/
Inputscope.h,https://learn.microsoft.com/en-us/windows/win32/api/inputscope/
Inspectable.h,https://learn.microsoft.com/en-us/windows/win32/api/inspectable/
Instance.h,https://learn.microsoft.com/en-us/windows/win32/api/instance/
Interactioncontext.h,https://learn.microsoft.com/en-us/windows/win32/api/interactioncontext/
Interlockedapi.h,https://learn.microsoft.com/en-us/windows/win32/api/interlockedapi/
Intsafe.h,https://learn.microsoft.com/en-us/windows/win32/api/intsafe/
Intshcut.h,https://learn.microsoft.com/en-us/windows/win32/api/intshcut/
Ioapiset.h,https://learn.microsoft.com/en-us/windows/win32/api/ioapiset/
Ioringapi.h,https://learn.microsoft.com/en-us/windows/win32/api/ioringapi/
Ip2string.h,https://learn.microsoft.com/en-us/windows/win32/api/ip2string/
Ipexport.h,https://learn.microsoft.com/en-us/windows/win32/api/ipexport/
Iphlpapi.h,https://learn.microsoft.com/en-us/windows/win32/api/iphlpapi/
Ipmib.h,https://learn.microsoft.com/en-us/windows/win32/api/ipmib/
Iprtrmib.h,https://learn.microsoft.com/en-us/windows/win32/api/iprtrmib/
Ipsectypes.h,https://learn.microsoft.com/en-us/windows/win32/api/ipsectypes/
Iptypes.h,https://learn.microsoft.com/en-us/windows/win32/api/iptypes/
Ipxrtdef.h,https://learn.microsoft.com/en-us/windows/win32/api/ipxrtdef/
Iscsidsc.h,https://learn.microsoft.com/en-us/windows/win32/api/iscsidsc/
Isolatedapplauncher.h,https://learn.microsoft.com/en-us/windows/win32/api/isolatedapplauncher/
Isolatedwindowsenvironmentutils.h,https://learn.microsoft.com/en-us/windows/win32/api/isolatedwindowsenvironmentutils/
Isysmon.h,https://learn.microsoft.com/en-us/windows/win32/api/isysmon/
Iwscapi.h,https://learn.microsoft.com/en-us/windows/win32/api/iwscapi/
Iwstdec.h,https://learn.microsoft.com/en-us/windows/win32/api/iwstdec/
Jobapi.h,https://learn.microsoft.com/en-us/windows/win32/api/jobapi/
Jobapi2.h,https://learn.microsoft.com/en-us/windows/win32/api/jobapi2/
Joystickapi.h,https://learn.microsoft.com/en-us/windows/win32/api/joystickapi/
Keycredmgr.h,https://learn.microsoft.com/en-us/windows/win32/api/keycredmgr/
Ksopmapi.h,https://learn.microsoft.com/en-us/windows/win32/api/ksopmapi/
Ktmtypes.h,https://learn.microsoft.com/en-us/windows/win32/api/ktmtypes/
Ktmw32.h,https://learn.microsoft.com/en-us/windows/win32/api/ktmw32/
L2cmn.h,https://learn.microsoft.com/en-us/windows/win32/api/l2cmn/
Libloaderapi.h,https://learn.microsoft.com/en-us/windows/win32/api/libloaderapi/
Libloaderapi2.h,https://learn.microsoft.com/en-us/windows/win32/api/libloaderapi2/
Lmaccess.h,https://learn.microsoft.com/en-us/windows/win32/api/lmaccess/
Lmalert.h,https://learn.microsoft.com/en-us/windows/win32/api/lmalert/
Lmapibuf.h,https://learn.microsoft.com/en-us/windows/win32/api/lmapibuf/
Lmat.h,https://learn.microsoft.com/en-us/windows/win32/api/lmat/
Lmaudit.h,https://learn.microsoft.com/en-us/windows/win32/api/lmaudit/
Lmconfig.h,https://learn.microsoft.com/en-us/windows/win32/api/lmconfig/
Lmdfs.h,https://learn.microsoft.com/en-us/windows/win32/api/lmdfs/
Lmerrlog.h,https://learn.microsoft.com/en-us/windows/win32/api/lmerrlog/
Lmjoin.h,https://learn.microsoft.com/en-us/windows/win32/api/lmjoin/
Lmmsg.h,https://learn.microsoft.com/en-us/windows/win32/api/lmmsg/
Lmremutl.h,https://learn.microsoft.com/en-us/windows/win32/api/lmremutl/
Lmserver.h,https://learn.microsoft.com/en-us/windows/win32/api/lmserver/
Lmshare.h,https://learn.microsoft.com/en-us/windows/win32/api/lmshare/
Lmstats.h,https://learn.microsoft.com/en-us/windows/win32/api/lmstats/
Lmsvc.h,https://learn.microsoft.com/en-us/windows/win32/api/lmsvc/
Lmuse.h,https://learn.microsoft.com/en-us/windows/win32/api/lmuse/
Lmwksta.h,https://learn.microsoft.com/en-us/windows/win32/api/lmwksta/
Loadperf.h,https://learn.microsoft.com/en-us/windows/win32/api/loadperf/
Locationapi.h,https://learn.microsoft.com/en-us/windows/win32/api/locationapi/
Lowlevelmonitorconfigurationapi.h,https://learn.microsoft.com/en-us/windows/win32/api/lowlevelmonitorconfigurationapi/
Lpmapi.h,https://learn.microsoft.com/en-us/windows/win32/api/lpmapi/
Lsalookup.h,https://learn.microsoft.com/en-us/windows/win32/api/lsalookup/
Lzexpand.h,https://learn.microsoft.com/en-us/windows/win32/api/lzexpand/
Madcapcl.h,https://learn.microsoft.com/en-us/windows/win32/api/madcapcl/
Magnification.h,https://learn.microsoft.com/en-us/windows/win32/api/magnification/
Manipulations.h,https://learn.microsoft.com/en-us/windows/win32/api/manipulations/
Mapi.h,https://learn.microsoft.com/en-us/windows/win32/api/mapi/
Mapiunicodehelp.h,https://learn.microsoft.com/en-us/windows/win32/api/mapiunicodehelp/
Mbnapi.h,https://learn.microsoft.com/en-us/windows/win32/api/mbnapi/
Mcx.h,https://learn.microsoft.com/en-us/windows/win32/api/mcx/
Mdhcp.h,https://learn.microsoft.com/en-us/windows/win32/api/mdhcp/
Mdmregistration.h,https://learn.microsoft.com/en-us/windows/win32/api/mdmregistration/
Mediaobj.h,https://learn.microsoft.com/en-us/windows/win32/api/mediaobj/
Medparam.h,https://learn.microsoft.com/en-us/windows/win32/api/medparam/
Memoryapi.h,https://learn.microsoft.com/en-us/windows/win32/api/memoryapi/
Memorybuffer.h,https://learn.microsoft.com/en-us/windows/win32/api/memorybuffer/
Mergemod.h,https://learn.microsoft.com/en-us/windows/win32/api/mergemod/
Messagedispatcherapi.h,https://learn.microsoft.com/en-us/windows/win32/api/messagedispatcherapi/
Methodco.h,https://learn.microsoft.com/en-us/windows/win32/api/methodco/
Mfapi.h,https://learn.microsoft.com/en-us/windows/win32/api/mfapi/
Mfcaptureengine.h,https://learn.microsoft.com/en-us/windows/win32/api/mfcaptureengine/
Mfcontentdecryptionmodule.h,https://learn.microsoft.com/en-us/windows/win32/api/mfcontentdecryptionmodule/
Mfd3d12.h,https://learn.microsoft.com/en-us/windows/win32/api/mfd3d12/
Mfidl.h,https://learn.microsoft.com/en-us/windows/win32/api/mfidl/
Mfmediacapture.h,https://learn.microsoft.com/en-us/windows/win32/api/mfmediacapture/
Mfmediaengine.h,https://learn.microsoft.com/en-us/windows/win32/api/mfmediaengine/
Mfmp2dlna.h,https://learn.microsoft.com/en-us/windows/win32/api/mfmp2dlna/
Mfobjects.h,https://learn.microsoft.com/en-us/windows/win32/api/mfobjects/
Mfplay.h,https://learn.microsoft.com/en-us/windows/win32/api/mfplay/
Mfreadwrite.h,https://learn.microsoft.com/en-us/windows/win32/api/mfreadwrite/
Mfsharingengine.h,https://learn.microsoft.com/en-us/windows/win32/api/mfsharingengine/
Mfspatialaudio.h,https://learn.microsoft.com/en-us/windows/win32/api/mfspatialaudio/
Mftransform.h,https://learn.microsoft.com/en-us/windows/win32/api/mftransform/
Mfvirtualcamera.h,https://learn.microsoft.com/en-us/windows/win32/api/mfvirtualcamera/
Mgm.h,https://learn.microsoft.com/en-us/windows/win32/api/mgm/
Mgmtapi.h,https://learn.microsoft.com/en-us/windows/win32/api/mgmtapi/
mi.h,https://learn.microsoft.com/en-us/windows/win32/api/mi/
Micaut.h,https://learn.microsoft.com/en-us/windows/win32/api/micaut/
Midles.h,https://learn.microsoft.com/en-us/windows/win32/api/midles/
Mileffects.h,https://learn.microsoft.com/en-us/windows/win32/api/mileffects/
Minidumpapiset.h,https://learn.microsoft.com/en-us/windows/win32/api/minidumpapiset/
Minwinbase.h,https://learn.microsoft.com/en-us/windows/win32/api/minwinbase/
Mixerocx.h,https://learn.microsoft.com/en-us/windows/win32/api/mixerocx/
Mmc.h,https://learn.microsoft.com/en-us/windows/win32/api/mmc/
Mmcobj.h,https://learn.microsoft.com/en-us/windows/win32/api/mmcobj/
Mmddk.h,https://learn.microsoft.com/en-us/windows/win32/api/mmddk/
Mmdeviceapi.h,https://learn.microsoft.com/en-us/windows/win32/api/mmdeviceapi/
Mmeapi.h,https://learn.microsoft.com/en-us/windows/win32/api/mmeapi/
Mmiscapi.h,https://learn.microsoft.com/en-us/windows/win32/api/mmiscapi/
Mmreg.h,https://learn.microsoft.com/en-us/windows/win32/api/mmreg/
Mmstream.h,https://learn.microsoft.com/en-us/windows/win32/api/mmstream/
Mmsystem.h,https://learn.microsoft.com/en-us/windows/win32/api/mmsystem/
Mobsync.h,https://learn.microsoft.com/en-us/windows/win32/api/mobsync/
Mpconfig.h,https://learn.microsoft.com/en-us/windows/win32/api/mpconfig/
Mpeg2psiparser.h,https://learn.microsoft.com/en-us/windows/win32/api/mpeg2psiparser/
Mpegtype.h,https://learn.microsoft.com/en-us/windows/win32/api/mpegtype/
Mprapi.h,https://learn.microsoft.com/en-us/windows/win32/api/mprapi/
Msaatext.h,https://learn.microsoft.com/en-us/windows/win32/api/msaatext/
Msacm.h,https://learn.microsoft.com/en-us/windows/win32/api/msacm/
Msajtransport.h,https://learn.microsoft.com/en-us/windows/win32/api/msajtransport/
Msapofxproxy.h,https://learn.microsoft.com/en-us/windows/win32/api/msapofxproxy/
Mscat.h,https://learn.microsoft.com/en-us/windows/win32/api/mscat/
Mschapp.h,https://learn.microsoft.com/en-us/windows/win32/api/mschapp/
Msclus.h,https://learn.microsoft.com/en-us/windows/win32/api/msclus/
Msctf.h,https://learn.microsoft.com/en-us/windows/win32/api/msctf/
Msctfmonitorapi.h,https://learn.microsoft.com/en-us/windows/win32/api/msctfmonitorapi/
Msdrm.h,https://learn.microsoft.com/en-us/windows/win32/api/msdrm/
Msdrmdefs.h,https://learn.microsoft.com/en-us/windows/win32/api/msdrmdefs/
Msi.h,https://learn.microsoft.com/en-us/windows/win32/api/msi/
Msime.h,https://learn.microsoft.com/en-us/windows/win32/api/msime/
Msimeapi.h,https://learn.microsoft.com/en-us/windows/win32/api/msimeapi/
Msinkaut.h,https://learn.microsoft.com/en-us/windows/win32/api/msinkaut/
Msinkaut15.h,https://learn.microsoft.com/en-us/windows/win32/api/msinkaut15/
Msiquery.h,https://learn.microsoft.com/en-us/windows/win32/api/msiquery/
Msopc.h,https://learn.microsoft.com/en-us/windows/win32/api/msopc/
Msp.h,https://learn.microsoft.com/en-us/windows/win32/api/msp/
Mspaddr.h,https://learn.microsoft.com/en-us/windows/win32/api/mspaddr/
Mspcall.h,https://learn.microsoft.com/en-us/windows/win32/api/mspcall/
Msports.h,https://learn.microsoft.com/en-us/windows/win32/api/msports/
Mspstrm.h,https://learn.microsoft.com/en-us/windows/win32/api/mspstrm/
Msrdc.h,https://learn.microsoft.com/en-us/windows/win32/api/msrdc/
Mssip.h,https://learn.microsoft.com/en-us/windows/win32/api/mssip/
Mstask.h,https://learn.microsoft.com/en-us/windows/win32/api/mstask/
Mstcpip.h,https://learn.microsoft.com/en-us/windows/win32/api/mstcpip/
Mswmdm.h,https://learn.microsoft.com/en-us/windows/win32/api/mswmdm/
Mswsock.h,https://learn.microsoft.com/en-us/windows/win32/api/mswsock/
Mswsockdef.h,https://learn.microsoft.com/en-us/windows/win32/api/mswsockdef/
Msxml.h,https://learn.microsoft.com/en-us/windows/win32/api/msxml/
Msxml6.h,https://learn.microsoft.com/en-us/windows/win32/api/msxml6/
Mtpext.h,https://learn.microsoft.com/en-us/windows/win32/api/mtpext/
Mtxdm.h,https://learn.microsoft.com/en-us/windows/win32/api/mtxdm/
Muiload.h,https://learn.microsoft.com/en-us/windows/win32/api/muiload/
Namedpipeapi.h,https://learn.microsoft.com/en-us/windows/win32/api/namedpipeapi/
Namespaceapi.h,https://learn.microsoft.com/en-us/windows/win32/api/namespaceapi/
Naptypes.h,https://learn.microsoft.com/en-us/windows/win32/api/naptypes/
Natupnp.h,https://learn.microsoft.com/en-us/windows/win32/api/natupnp/
Nb30.h,https://learn.microsoft.com/en-us/windows/win32/api/nb30/
Ncrypt.h,https://learn.microsoft.com/en-us/windows/win32/api/ncrypt/
Ncryptprotect.h,https://learn.microsoft.com/en-us/windows/win32/api/ncryptprotect/
Ndattrib.h,https://learn.microsoft.com/en-us/windows/win32/api/ndattrib/
Ndfapi.h,https://learn.microsoft.com/en-us/windows/win32/api/ndfapi/
Ndhelper.h,https://learn.microsoft.com/en-us/windows/win32/api/ndhelper/
Ndkinfo.h,https://learn.microsoft.com/en-us/windows/win32/api/ndkinfo/
Netcon.h,https://learn.microsoft.com/en-us/windows/win32/api/netcon/
Netfw.h,https://learn.microsoft.com/en-us/windows/win32/api/netfw/
Netioapi.h,https://learn.microsoft.com/en-us/windows/win32/api/netioapi/
Netiodef.h,https://learn.microsoft.com/en-us/windows/win32/api/netiodef/
Netlistmgr.h,https://learn.microsoft.com/en-us/windows/win32/api/netlistmgr/
Netsh.h,https://learn.microsoft.com/en-us/windows/win32/api/netsh/
Networkisolation.h,https://learn.microsoft.com/en-us/windows/win32/api/networkisolation/
Newdev.h,https://learn.microsoft.com/en-us/windows/win32/api/newdev/
Nldef.h,https://learn.microsoft.com/en-us/windows/win32/api/nldef/
Notificationactivationcallback.h,https://learn.microsoft.com/en-us/windows/win32/api/notificationactivationcallback/
Npapi.h,https://learn.microsoft.com/en-us/windows/win32/api/npapi/
Nsemail.h,https://learn.microsoft.com/en-us/windows/win32/api/nsemail/
Nspapi.h,https://learn.microsoft.com/en-us/windows/win32/api/nspapi/
Ntddkbd.h,https://learn.microsoft.com/en-us/windows/win32/api/ntddkbd/
Ntddmou.h,https://learn.microsoft.com/en-us/windows/win32/api/ntddmou/
Ntddpsch.h,https://learn.microsoft.com/en-us/windows/win32/api/ntddpsch/
Ntdef.h,https://learn.microsoft.com/en-us/windows/win32/api/ntdef/
Ntdsapi.h,https://learn.microsoft.com/en-us/windows/win32/api/ntdsapi/
Ntenclv.h,https://learn.microsoft.com/en-us/windows/win32/api/ntenclv/
Ntioring_x.h,https://learn.microsoft.com/en-us/windows/win32/api/ntioring_x/
Ntlsa.h,https://learn.microsoft.com/en-us/windows/win32/api/ntlsa/
Ntmsapi.h,https://learn.microsoft.com/en-us/windows/win32/api/ntmsapi/
Ntmsmli.h,https://learn.microsoft.com/en-us/windows/win32/api/ntmsmli/
Ntquery.h,https://learn.microsoft.com/en-us/windows/win32/api/ntquery/
Ntsecapi.h,https://learn.microsoft.com/en-us/windows/win32/api/ntsecapi/
Ntsecpkg.h,https://learn.microsoft.com/en-us/windows/win32/api/ntsecpkg/
Nvme.h,https://learn.microsoft.com/en-us/windows/win32/api/nvme/
Oaidl.h,https://learn.microsoft.com/en-us/windows/win32/api/oaidl/
Objbase.h,https://learn.microsoft.com/en-us/windows/win32/api/objbase/
Objectarray.h,https://learn.microsoft.com/en-us/windows/win32/api/objectarray/
Objidl.h,https://learn.microsoft.com/en-us/windows/win32/api/objidl/
Objidlbase.h,https://learn.microsoft.com/en-us/windows/win32/api/objidlbase/
Objpath.h,https://learn.microsoft.com/en-us/windows/win32/api/objpath/
Objsel.h,https://learn.microsoft.com/en-us/windows/win32/api/objsel/
Ocidl.h,https://learn.microsoft.com/en-us/windows/win32/api/ocidl/
Ole.h,https://learn.microsoft.com/en-us/windows/win32/api/ole/
Ole2.h,https://learn.microsoft.com/en-us/windows/win32/api/ole2/
Oleacc.h,https://learn.microsoft.com/en-us/windows/win32/api/oleacc/
Oleauto.h,https://learn.microsoft.com/en-us/windows/win32/api/oleauto/
Olectl.h,https://learn.microsoft.com/en-us/windows/win32/api/olectl/
Oledbguid.h,https://learn.microsoft.com/en-us/windows/win32/api/oledbguid/
Oledlg.h,https://learn.microsoft.com/en-us/windows/win32/api/oledlg/
Oleidl.h,https://learn.microsoft.com/en-us/windows/win32/api/oleidl/
Ondemandconnroutehelper.h,https://learn.microsoft.com/en-us/windows/win32/api/ondemandconnroutehelper/
Oobenotification.h,https://learn.microsoft.com/en-us/windows/win32/api/oobenotification/
Opmapi.h,https://learn.microsoft.com/en-us/windows/win32/api/opmapi/
P2p.h,https://learn.microsoft.com/en-us/windows/win32/api/p2p/
Pathcch.h,https://learn.microsoft.com/en-us/windows/win32/api/pathcch/
Pchannel.h,https://learn.microsoft.com/en-us/windows/win32/api/pchannel/
Pdh.h,https://learn.microsoft.com/en-us/windows/win32/api/pdh/
Peerdist.h,https://learn.microsoft.com/en-us/windows/win32/api/peerdist/
Peninputpanel.h,https://learn.microsoft.com/en-us/windows/win32/api/peninputpanel/
Perflib.h,https://learn.microsoft.com/en-us/windows/win32/api/perflib/
Photoacquire.h,https://learn.microsoft.com/en-us/windows/win32/api/photoacquire/
Physicalmonitorenumerationapi.h,https://learn.microsoft.com/en-us/windows/win32/api/physicalmonitorenumerationapi/
Pla.h,https://learn.microsoft.com/en-us/windows/win32/api/pla/
Playtomanagerinterop.h,https://learn.microsoft.com/en-us/windows/win32/api/playtomanagerinterop/
Pnpxassoc.h,https://learn.microsoft.com/en-us/windows/win32/api/pnpxassoc/
Pnrpdef.h,https://learn.microsoft.com/en-us/windows/win32/api/pnrpdef/
Pnrpns.h,https://learn.microsoft.com/en-us/windows/win32/api/pnrpns/
Portabledeviceapi.h,https://learn.microsoft.com/en-us/windows/win32/api/portabledeviceapi/
Portabledeviceconnectapi.h,https://learn.microsoft.com/en-us/windows/win32/api/portabledeviceconnectapi/
Powerbase.h,https://learn.microsoft.com/en-us/windows/win32/api/powerbase/
Powersetting.h,https://learn.microsoft.com/en-us/windows/win32/api/powersetting/
Powrprof.h,https://learn.microsoft.com/en-us/windows/win32/api/powrprof/
Presentation.h,https://learn.microsoft.com/en-us/windows/win32/api/presentation/
Presentationtypes.h,https://learn.microsoft.com/en-us/windows/win32/api/presentationtypes/
Print3dmanagerinterop.h,https://learn.microsoft.com/en-us/windows/win32/api/print3dmanagerinterop/
Printmanagerinterop.h,https://learn.microsoft.com/en-us/windows/win32/api/printmanagerinterop/
Prnasnot.h,https://learn.microsoft.com/en-us/windows/win32/api/prnasnot/
Prntvpt.h,https://learn.microsoft.com/en-us/windows/win32/api/prntvpt/
Processenv.h,https://learn.microsoft.com/en-us/windows/win32/api/processenv/
Processsnapshot.h,https://learn.microsoft.com/en-us/windows/win32/api/processsnapshot/
Processthreadsapi.h,https://learn.microsoft.com/en-us/windows/win32/api/processthreadsapi/
Processtopologyapi.h,https://learn.microsoft.com/en-us/windows/win32/api/processtopologyapi/
Profileapi.h,https://learn.microsoft.com/en-us/windows/win32/api/profileapi/
Profinfo.h,https://learn.microsoft.com/en-us/windows/win32/api/profinfo/
Projectedfslib.h,https://learn.microsoft.com/en-us/windows/win32/api/projectedfslib/
Proofofpossessioncookieinfo.h,https://learn.microsoft.com/en-us/windows/win32/api/proofofpossessioncookieinfo/
Propapi.h,https://learn.microsoft.com/en-us/windows/win32/api/propapi/
Propidl.h,https://learn.microsoft.com/en-us/windows/win32/api/propidl/
Propidlbase.h,https://learn.microsoft.com/en-us/windows/win32/api/propidlbase/
Propkeydef.h,https://learn.microsoft.com/en-us/windows/win32/api/propkeydef/
Propsys.h,https://learn.microsoft.com/en-us/windows/win32/api/propsys/
Propvarutil.h,https://learn.microsoft.com/en-us/windows/win32/api/propvarutil/
Provider.h,https://learn.microsoft.com/en-us/windows/win32/api/provider/
Prsht.h,https://learn.microsoft.com/en-us/windows/win32/api/prsht/
Psapi.h,https://learn.microsoft.com/en-us/windows/win32/api/psapi/
Pwm.h,https://learn.microsoft.com/en-us/windows/win32/api/pwm/
Qmgr.h,https://learn.microsoft.com/en-us/windows/win32/api/qmgr/
Qnetwork.h,https://learn.microsoft.com/en-us/windows/win32/api/qnetwork/
Qos.h,https://learn.microsoft.com/en-us/windows/win32/api/qos/
Qos2.h,https://learn.microsoft.com/en-us/windows/win32/api/qos2/
Qosobjs.h,https://learn.microsoft.com/en-us/windows/win32/api/qosobjs/
Qospol.h,https://learn.microsoft.com/en-us/windows/win32/api/qospol/
Qossp.h,https://learn.microsoft.com/en-us/windows/win32/api/qossp/
Radialcontrollerinterop.h,https://learn.microsoft.com/en-us/windows/win32/api/radialcontrollerinterop/
Ras.h,https://learn.microsoft.com/en-us/windows/win32/api/ras/
Rasdlg.h,https://learn.microsoft.com/en-us/windows/win32/api/rasdlg/
Raseapif.h,https://learn.microsoft.com/en-us/windows/win32/api/raseapif/
Rasshost.h,https://learn.microsoft.com/en-us/windows/win32/api/rasshost/
Rdpappcontainerclient.h,https://learn.microsoft.com/en-us/windows/win32/api/rdpappcontainerclient/
Rdpencomapi.h,https://learn.microsoft.com/en-us/windows/win32/api/rdpencomapi/
Realtimeapiset.h,https://learn.microsoft.com/en-us/windows/win32/api/realtimeapiset/
Recapis.h,https://learn.microsoft.com/en-us/windows/win32/api/recapis/
Reconcil.h,https://learn.microsoft.com/en-us/windows/win32/api/reconcil/
Rectypes.h,https://learn.microsoft.com/en-us/windows/win32/api/rectypes/
Refptrco.h,https://learn.microsoft.com/en-us/windows/win32/api/refptrco/
Relogger.h,https://learn.microsoft.com/en-us/windows/win32/api/relogger/
Remotesystemadditionalinfo.h,https://learn.microsoft.com/en-us/windows/win32/api/remotesystemadditionalinfo/
Rend.h,https://learn.microsoft.com/en-us/windows/win32/api/rend/
Rendezvoussession.h,https://learn.microsoft.com/en-us/windows/win32/api/rendezvoussession/
Resapi.h,https://learn.microsoft.com/en-us/windows/win32/api/resapi/
Resourceindexer.h,https://learn.microsoft.com/en-us/windows/win32/api/resourceindexer/
Restartmanager.h,https://learn.microsoft.com/en-us/windows/win32/api/restartmanager/
Restrictederrorinfo.h,https://learn.microsoft.com/en-us/windows/win32/api/restrictederrorinfo/
Richedit.h,https://learn.microsoft.com/en-us/windows/win32/api/richedit/
Richole.h,https://learn.microsoft.com/en-us/windows/win32/api/richole/
Roapi.h,https://learn.microsoft.com/en-us/windows/win32/api/roapi/
Robuffer.h,https://learn.microsoft.com/en-us/windows/win32/api/robuffer/
Roerrorapi.h,https://learn.microsoft.com/en-us/windows/win32/api/roerrorapi/
Rometadata.h,https://learn.microsoft.com/en-us/windows/win32/api/rometadata/
Rometadataapi.h,https://learn.microsoft.com/en-us/windows/win32/api/rometadataapi/
Rometadataresolution.h,https://learn.microsoft.com/en-us/windows/win32/api/rometadataresolution/
Roparameterizediid.h,https://learn.microsoft.com/en-us/windows/win32/api/roparameterizediid/
Roregistrationapi.h,https://learn.microsoft.com/en-us/windows/win32/api/roregistrationapi/
Routprot.h,https://learn.microsoft.com/en-us/windows/win32/api/routprot/
Rpc.h,https://learn.microsoft.com/en-us/windows/win32/api/rpc/
Rpcasync.h,https://learn.microsoft.com/en-us/windows/win32/api/rpcasync/
Rpcdce.h,https://learn.microsoft.com/en-us/windows/win32/api/rpcdce/
Rpcdcep.h,https://learn.microsoft.com/en-us/windows/win32/api/rpcdcep/
Rpcndr.h,https://learn.microsoft.com/en-us/windows/win32/api/rpcndr/
Rpcnsi.h,https://learn.microsoft.com/en-us/windows/win32/api/rpcnsi/
Rpcproxy.h,https://learn.microsoft.com/en-us/windows/win32/api/rpcproxy/
Rpcssl.h,https://learn.microsoft.com/en-us/windows/win32/api/rpcssl/
Rrascfg.h,https://learn.microsoft.com/en-us/windows/win32/api/rrascfg/
Rtlsupportapi.h,https://learn.microsoft.com/en-us/windows/win32/api/rtlsupportapi/
Rtmv2.h,https://learn.microsoft.com/en-us/windows/win32/api/rtmv2/
Rtscom.h,https://learn.microsoft.com/en-us/windows/win32/api/rtscom/
Rtworkq.h,https://learn.microsoft.com/en-us/windows/win32/api/rtworkq/
Sas.h,https://learn.microsoft.com/en-us/windows/win32/api/sas/
Sbtsv.h,https://learn.microsoft.com/en-us/windows/win32/api/sbtsv/
Scclient.h,https://learn.microsoft.com/en-us/windows/win32/api/scclient/
Scesvc.h,https://learn.microsoft.com/en-us/windows/win32/api/scesvc/
Schannel.h,https://learn.microsoft.com/en-us/windows/win32/api/schannel/
Schedule.h,https://learn.microsoft.com/en-us/windows/win32/api/schedule/
Scrnsave.h,https://learn.microsoft.com/en-us/windows/win32/api/scrnsave/
Scserver.h,https://learn.microsoft.com/en-us/windows/win32/api/scserver/
Sddl.h,https://learn.microsoft.com/en-us/windows/win32/api/sddl/
Sdoias.h,https://learn.microsoft.com/en-us/windows/win32/api/sdoias/
Searchapi.h,https://learn.microsoft.com/en-us/windows/win32/api/searchapi/
Secext.h,https://learn.microsoft.com/en-us/windows/win32/api/secext/
Securityappcontainer.h,https://learn.microsoft.com/en-us/windows/win32/api/securityappcontainer/
Securitybaseapi.h,https://learn.microsoft.com/en-us/windows/win32/api/securitybaseapi/
Segment.h,https://learn.microsoft.com/en-us/windows/win32/api/segment/
Sensapi.h,https://learn.microsoft.com/en-us/windows/win32/api/sensapi/
Sensevts.h,https://learn.microsoft.com/en-us/windows/win32/api/sensevts/
Sensorsapi.h,https://learn.microsoft.com/en-us/windows/win32/api/sensorsapi/
Servprov.h,https://learn.microsoft.com/en-us/windows/win32/api/servprov/
Sessdirpublictypes.h,https://learn.microsoft.com/en-us/windows/win32/api/sessdirpublictypes/
Setupapi.h,https://learn.microsoft.com/en-us/windows/win32/api/setupapi/
Sfc.h,https://learn.microsoft.com/en-us/windows/win32/api/sfc/
Shappmgr.h,https://learn.microsoft.com/en-us/windows/win32/api/shappmgr/
Sharewindowcommandsourceinterop.h,https://learn.microsoft.com/en-us/windows/win32/api/sharewindowcommandsourceinterop/
Shcore.h,https://learn.microsoft.com/en-us/windows/win32/api/shcore/
Shdeprecated.h,https://learn.microsoft.com/en-us/windows/win32/api/shdeprecated/
Shellapi.h,https://learn.microsoft.com/en-us/windows/win32/api/shellapi/
Shellscalingapi.h,https://learn.microsoft.com/en-us/windows/win32/api/shellscalingapi/
Shidfact.h,https://learn.microsoft.com/en-us/windows/win32/api/shidfact/
Shimgdata.h,https://learn.microsoft.com/en-us/windows/win32/api/shimgdata/
Shldisp.h,https://learn.microsoft.com/en-us/windows/win32/api/shldisp/
Shlobj.h,https://learn.microsoft.com/en-us/windows/win32/api/shlobj/
Shlobj_core.h,https://learn.microsoft.com/en-us/windows/win32/api/shlobj_core/
Shlwapi.h,https://learn.microsoft.com/en-us/windows/win32/api/shlwapi/
Shobjidl.h,https://learn.microsoft.com/en-us/windows/win32/api/shobjidl/
Shobjidl_core.h,https://learn.microsoft.com/en-us/windows/win32/api/shobjidl_core/
Shtypes.h,https://learn.microsoft.com/en-us/windows/win32/api/shtypes/
Slpublic.h,https://learn.microsoft.com/en-us/windows/win32/api/slpublic/
Smbclnt.h,https://learn.microsoft.com/en-us/windows/win32/api/smbclnt/
Snmp.h,https://learn.microsoft.com/en-us/windows/win32/api/snmp/
Socketapi.h,https://learn.microsoft.com/en-us/windows/win32/api/socketapi/
Spatialaudioclient.h,https://learn.microsoft.com/en-us/windows/win32/api/spatialaudioclient/
Spatialaudiohrtf.h,https://learn.microsoft.com/en-us/windows/win32/api/spatialaudiohrtf/
Spatialaudiometadata.h,https://learn.microsoft.com/en-us/windows/win32/api/spatialaudiometadata/
Spatialinteractionmanagerinterop.h,https://learn.microsoft.com/en-us/windows/win32/api/spatialinteractionmanagerinterop/
Spellcheck.h,https://learn.microsoft.com/en-us/windows/win32/api/spellcheck/
Spellcheckprovider.h,https://learn.microsoft.com/en-us/windows/win32/api/spellcheckprovider/
Sporder.h,https://learn.microsoft.com/en-us/windows/win32/api/sporder/
Srpapi.h,https://learn.microsoft.com/en-us/windows/win32/api/srpapi/
Srrestoreptapi.h,https://learn.microsoft.com/en-us/windows/win32/api/srrestoreptapi/
Sspi.h,https://learn.microsoft.com/en-us/windows/win32/api/sspi/
Stm.h,https://learn.microsoft.com/en-us/windows/win32/api/stm/
Storageprovider.h,https://learn.microsoft.com/en-us/windows/win32/api/storageprovider/
Storprop.h,https://learn.microsoft.com/en-us/windows/win32/api/storprop/
Stralign.h,https://learn.microsoft.com/en-us/windows/win32/api/stralign/
Stringapiset.h,https://learn.microsoft.com/en-us/windows/win32/api/stringapiset/
Strmif.h,https://learn.microsoft.com/en-us/windows/win32/api/strmif/
Strsafe.h,https://learn.microsoft.com/en-us/windows/win32/api/strsafe/
Structuredquery.h,https://learn.microsoft.com/en-us/windows/win32/api/structuredquery/
Structuredquerycondition.h,https://learn.microsoft.com/en-us/windows/win32/api/structuredquerycondition/
Subauth.h,https://learn.microsoft.com/en-us/windows/win32/api/subauth/
Subsmgr.h,https://learn.microsoft.com/en-us/windows/win32/api/subsmgr/
Swdevice.h,https://learn.microsoft.com/en-us/windows/win32/api/swdevice/
Swdevicedef.h,https://learn.microsoft.com/en-us/windows/win32/api/swdevicedef/
Synchapi.h,https://learn.microsoft.com/en-us/windows/win32/api/synchapi/
Syncmgr.h,https://learn.microsoft.com/en-us/windows/win32/api/syncmgr/
Syncregistration.h,https://learn.microsoft.com/en-us/windows/win32/api/syncregistration/
Sysinfoapi.h,https://learn.microsoft.com/en-us/windows/win32/api/sysinfoapi/
Systemmediatransportcontrolsinterop.h,https://learn.microsoft.com/en-us/windows/win32/api/systemmediatransportcontrolsinterop/
Systemtopologyapi.h,https://learn.microsoft.com/en-us/windows/win32/api/systemtopologyapi/
T2embapi.h,https://learn.microsoft.com/en-us/windows/win32/api/t2embapi/
Tabflicks.h,https://learn.microsoft.com/en-us/windows/win32/api/tabflicks/
Tapi.h,https://learn.microsoft.com/en-us/windows/win32/api/tapi/
Tapi3.h,https://learn.microsoft.com/en-us/windows/win32/api/tapi3/
Tapi3cc.h,https://learn.microsoft.com/en-us/windows/win32/api/tapi3cc/
Tapi3ds.h,https://learn.microsoft.com/en-us/windows/win32/api/tapi3ds/
Tapi3if.h,https://learn.microsoft.com/en-us/windows/win32/api/tapi3if/
Taskschd.h,https://learn.microsoft.com/en-us/windows/win32/api/taskschd/
Tbs.h,https://learn.microsoft.com/en-us/windows/win32/api/tbs/
Tcpestats.h,https://learn.microsoft.com/en-us/windows/win32/api/tcpestats/
Tcpioctl.h,https://learn.microsoft.com/en-us/windows/win32/api/tcpioctl/
Tcpmib.h,https://learn.microsoft.com/en-us/windows/win32/api/tcpmib/
Tdh.h,https://learn.microsoft.com/en-us/windows/win32/api/tdh/
Tdiinfo.h,https://learn.microsoft.com/en-us/windows/win32/api/tdiinfo/
Termmgr.h,https://learn.microsoft.com/en-us/windows/win32/api/termmgr/
Textserv.h,https://learn.microsoft.com/en-us/windows/win32/api/textserv/
Textstor.h,https://learn.microsoft.com/en-us/windows/win32/api/textstor/
Thrdbase.h,https://learn.microsoft.com/en-us/windows/win32/api/thrdbase/
Threadpoolapiset.h,https://learn.microsoft.com/en-us/windows/win32/api/threadpoolapiset/
Threadpoollegacyapiset.h,https://learn.microsoft.com/en-us/windows/win32/api/threadpoollegacyapiset/
Thumbcache.h,https://learn.microsoft.com/en-us/windows/win32/api/thumbcache/
Thumbnailstreamcache.h,https://learn.microsoft.com/en-us/windows/win32/api/thumbnailstreamcache/
Timeapi.h,https://learn.microsoft.com/en-us/windows/win32/api/timeapi/
Timeprov.h,https://learn.microsoft.com/en-us/windows/win32/api/timeprov/
Timezoneapi.h,https://learn.microsoft.com/en-us/windows/win32/api/timezoneapi/
Tlhelp32.h,https://learn.microsoft.com/en-us/windows/win32/api/tlhelp32/
Tlogstg.h,https://learn.microsoft.com/en-us/windows/win32/api/tlogstg/
Tokenbinding.h,https://learn.microsoft.com/en-us/windows/win32/api/tokenbinding/
Tom.h,https://learn.microsoft.com/en-us/windows/win32/api/tom/
Tpcshrd.h,https://learn.microsoft.com/en-us/windows/win32/api/tpcshrd/
Tpmvscmgr.h,https://learn.microsoft.com/en-us/windows/win32/api/tpmvscmgr/
Traceloggingactivity.h,https://learn.microsoft.com/en-us/windows/win32/api/traceloggingactivity/
Traceloggingprovider.h,https://learn.microsoft.com/en-us/windows/win32/api/traceloggingprovider/
Traffic.h,https://learn.microsoft.com/en-us/windows/win32/api/traffic/
Transportsettingcommon.h,https://learn.microsoft.com/en-us/windows/win32/api/transportsettingcommon/
Tsgauthenticationengine.h,https://learn.microsoft.com/en-us/windows/win32/api/tsgauthenticationengine/
Tsgpolicyengine.h,https://learn.microsoft.com/en-us/windows/win32/api/tsgpolicyengine/
Tspi.h,https://learn.microsoft.com/en-us/windows/win32/api/tspi/
Tspubplugin2com.h,https://learn.microsoft.com/en-us/windows/win32/api/tspubplugin2com/
Tspubplugincom.h,https://learn.microsoft.com/en-us/windows/win32/api/tspubplugincom/
Tssbx.h,https://learn.microsoft.com/en-us/windows/win32/api/tssbx/
Tsuserex.h,https://learn.microsoft.com/en-us/windows/win32/api/tsuserex/
Tsvirtualchannels.h,https://learn.microsoft.com/en-us/windows/win32/api/tsvirtualchannels/
Tvout.h,https://learn.microsoft.com/en-us/windows/win32/api/tvout/
Txfw32.h,https://learn.microsoft.com/en-us/windows/win32/api/txfw32/
Txlogpub.h,https://learn.microsoft.com/en-us/windows/win32/api/txlogpub/
Ual.h,https://learn.microsoft.com/en-us/windows/win32/api/ual/
Udpmib.h,https://learn.microsoft.com/en-us/windows/win32/api/udpmib/
Uianimation.h,https://learn.microsoft.com/en-us/windows/win32/api/uianimation/
Uiautomationclient.h,https://learn.microsoft.com/en-us/windows/win32/api/uiautomationclient/
Uiautomationcore.h,https://learn.microsoft.com/en-us/windows/win32/api/uiautomationcore/
Uiautomationcoreapi.h,https://learn.microsoft.com/en-us/windows/win32/api/uiautomationcoreapi/
Uiribbon.h,https://learn.microsoft.com/en-us/windows/win32/api/uiribbon/
Uiviewsettingsinterop.h,https://learn.microsoft.com/en-us/windows/win32/api/uiviewsettingsinterop/
Unknwn.h,https://learn.microsoft.com/en-us/windows/win32/api/unknwn/
Unknwnbase.h,https://learn.microsoft.com/en-us/windows/win32/api/unknwnbase/
Upnp.h,https://learn.microsoft.com/en-us/windows/win32/api/upnp/
Upnphost.h,https://learn.microsoft.com/en-us/windows/win32/api/upnphost/
Urlmon.h,https://learn.microsoft.com/en-us/windows/win32/api/urlmon/
Usbuser.h,https://learn.microsoft.com/en-us/windows/win32/api/usbuser/
Useractivityinterop.h,https://learn.microsoft.com/en-us/windows/win32/api/useractivityinterop/
Userconsentverifierinterop.h,https://learn.microsoft.com/en-us/windows/win32/api/userconsentverifierinterop/
Userenv.h,https://learn.microsoft.com/en-us/windows/win32/api/userenv/
Usp10.h,https://learn.microsoft.com/en-us/windows/win32/api/usp10/
Utilapiset.h,https://learn.microsoft.com/en-us/windows/win32/api/utilapiset/
Uxtheme.h,https://learn.microsoft.com/en-us/windows/win32/api/uxtheme/
Vbinterf.h,https://learn.microsoft.com/en-us/windows/win32/api/vbinterf/
Vdmdbg.h,https://learn.microsoft.com/en-us/windows/win32/api/vdmdbg/
Vds.h,https://learn.microsoft.com/en-us/windows/win32/api/vds/
Vdshwprv.h,https://learn.microsoft.com/en-us/windows/win32/api/vdshwprv/
Vdslun.h,https://learn.microsoft.com/en-us/windows/win32/api/vdslun/
Verrsrc.h,https://learn.microsoft.com/en-us/windows/win32/api/verrsrc/
Versionhelpers.h,https://learn.microsoft.com/en-us/windows/win32/api/versionhelpers/
Vfw.h,https://learn.microsoft.com/en-us/windows/win32/api/vfw/
Vidcap.h,https://learn.microsoft.com/en-us/windows/win32/api/vidcap/
Videoacc.h,https://learn.microsoft.com/en-us/windows/win32/api/videoacc/
Virtdisk.h,https://learn.microsoft.com/en-us/windows/win32/api/virtdisk/
Vmgenerationcounter.h,https://learn.microsoft.com/en-us/windows/win32/api/vmgenerationcounter/
Vmr9.h,https://learn.microsoft.com/en-us/windows/win32/api/vmr9/
Vpconfig.h,https://learn.microsoft.com/en-us/windows/win32/api/vpconfig/
Vpnotify.h,https://learn.microsoft.com/en-us/windows/win32/api/vpnotify/
Vptype.h,https://learn.microsoft.com/en-us/windows/win32/api/vptype/
Vsadmin.h,https://learn.microsoft.com/en-us/windows/win32/api/vsadmin/
Vsbackup.h,https://learn.microsoft.com/en-us/windows/win32/api/vsbackup/
Vsmgmt.h,https://learn.microsoft.com/en-us/windows/win32/api/vsmgmt/
Vsprov.h,https://learn.microsoft.com/en-us/windows/win32/api/vsprov/
Vss.h,https://learn.microsoft.com/en-us/windows/win32/api/vss/
Vswriter.h,https://learn.microsoft.com/en-us/windows/win32/api/vswriter/
Waasapi.h,https://learn.microsoft.com/en-us/windows/win32/api/waasapi/
Waasapitypes.h,https://learn.microsoft.com/en-us/windows/win32/api/waasapitypes/
Wabapi.h,https://learn.microsoft.com/en-us/windows/win32/api/wabapi/
Wabdefs.h,https://learn.microsoft.com/en-us/windows/win32/api/wabdefs/
Wabiab.h,https://learn.microsoft.com/en-us/windows/win32/api/wabiab/
Wabmem.h,https://learn.microsoft.com/en-us/windows/win32/api/wabmem/
Wabtags.h,https://learn.microsoft.com/en-us/windows/win32/api/wabtags/
Wbemcli.h,https://learn.microsoft.com/en-us/windows/win32/api/wbemcli/
Wbemdisp.h,https://learn.microsoft.com/en-us/windows/win32/api/wbemdisp/
Wbemglue.h,https://learn.microsoft.com/en-us/windows/win32/api/wbemglue/
Wbemprov.h,https://learn.microsoft.com/en-us/windows/win32/api/wbemprov/
Wbemtime.h,https://learn.microsoft.com/en-us/windows/win32/api/wbemtime/
Wcmapi.h,https://learn.microsoft.com/en-us/windows/win32/api/wcmapi/
Wcmconfig.h,https://learn.microsoft.com/en-us/windows/win32/api/wcmconfig/
Wcndevice.h,https://learn.microsoft.com/en-us/windows/win32/api/wcndevice/
Wcntypes.h,https://learn.microsoft.com/en-us/windows/win32/api/wcntypes/
Wcsplugin.h,https://learn.microsoft.com/en-us/windows/win32/api/wcsplugin/
Wct.h,https://learn.microsoft.com/en-us/windows/win32/api/wct/
Wdsbp.h,https://learn.microsoft.com/en-us/windows/win32/api/wdsbp/
Wdsclientapi.h,https://learn.microsoft.com/en-us/windows/win32/api/wdsclientapi/
Wdspxe.h,https://learn.microsoft.com/en-us/windows/win32/api/wdspxe/
Wdstci.h,https://learn.microsoft.com/en-us/windows/win32/api/wdstci/
Wdstpdi.h,https://learn.microsoft.com/en-us/windows/win32/api/wdstpdi/
Wdstptmgmt.h,https://learn.microsoft.com/en-us/windows/win32/api/wdstptmgmt/
Weakreference.h,https://learn.microsoft.com/en-us/windows/win32/api/weakreference/
Webapplication.h,https://learn.microsoft.com/en-us/windows/win32/api/webapplication/
Webauthenticationcoremanagerinterop.h,https://learn.microsoft.com/en-us/windows/win32/api/webauthenticationcoremanagerinterop/
Webauthn.h,https://learn.microsoft.com/en-us/windows/win32/api/webauthn/
Webservices.h,https://learn.microsoft.com/en-us/windows/win32/api/webservices/
Websocket.h,https://learn.microsoft.com/en-us/windows/win32/api/websocket/
Werapi.h,https://learn.microsoft.com/en-us/windows/win32/api/werapi/
Wia_xp.h,https://learn.microsoft.com/en-us/windows/win32/api/wia_xp/
Wiavideo.h,https://learn.microsoft.com/en-us/windows/win32/api/wiavideo/
Winbase.h,https://learn.microsoft.com/en-us/windows/win32/api/winbase/
Winber.h,https://learn.microsoft.com/en-us/windows/win32/api/winber/
Winbio.h,https://learn.microsoft.com/en-us/windows/win32/api/winbio/
Winbio_adapter.h,https://learn.microsoft.com/en-us/windows/win32/api/winbio_adapter/
Wincodec.h,https://learn.microsoft.com/en-us/windows/win32/api/wincodec/
Wincodecsdk.h,https://learn.microsoft.com/en-us/windows/win32/api/wincodecsdk/
Wincred.h,https://learn.microsoft.com/en-us/windows/win32/api/wincred/
Wincrypt.h,https://learn.microsoft.com/en-us/windows/win32/api/wincrypt/
Winddi.h,https://learn.microsoft.com/en-us/windows/win32/api/winddi/
Windef.h,https://learn.microsoft.com/en-us/windows/win32/api/windef/
Windns.h,https://learn.microsoft.com/en-us/windows/win32/api/windns/
Windows.data.pdf.interop.h,https://learn.microsoft.com/en-us/windows/win32/api/windows.data.pdf.interop/
Windows.devices.alljoyn.interop.h,https://learn.microsoft.com/en-us/windows/win32/api/windows.devices.alljoyn.interop/
Windows.devices.display.core.interop.h,https://learn.microsoft.com/en-us/windows/win32/api/windows.devices.display.core.interop/
Windows.foundation.h,https://learn.microsoft.com/en-us/windows/win32/api/windows.foundation/
Windows.graphics.capture.interop.h,https://learn.microsoft.com/en-us/windows/win32/api/windows.graphics.capture.interop/
Windows.graphics.directx.direct3d11.interop.h,https://learn.microsoft.com/en-us/windows/win32/api/windows.graphics.directx.direct3d11.interop/
Windows.graphics.display.interop.h,https://learn.microsoft.com/en-us/windows/win32/api/windows.graphics.display.interop/
Windows.graphics.effects.interop.h,https://learn.microsoft.com/en-us/windows/win32/api/windows.graphics.effects.interop/
Windows.graphics.holographic.interop.h,https://learn.microsoft.com/en-us/windows/win32/api/windows.graphics.holographic.interop/
Windows.graphics.imaging.interop.h,https://learn.microsoft.com/en-us/windows/win32/api/windows.graphics.imaging.interop/
Windows.media.core.interop.h,https://learn.microsoft.com/en-us/windows/win32/api/windows.media.core.interop/
Windows.ui.composition.interop.h,https://learn.microsoft.com/en-us/windows/win32/api/windows.ui.composition.interop/
Windows.ui.viewmanagement.core.coreframeworkinputviewinterop.h,https://learn.microsoft.com/en-us/windows/win32/api/windows.ui.viewmanagement.core.coreframeworkinputviewinterop/
Windows.ui.xaml.hosting.desktopwindowxamlsource.h,https://learn.microsoft.com/en-us/windows/win32/api/windows.ui.xaml.hosting.desktopwindowxamlsource/
Windows.ui.xaml.hosting.referencetracker.h,https://learn.microsoft.com/en-us/windows/win32/api/windows.ui.xaml.hosting.referencetracker/
Windows.ui.xaml.media.dxinterop.h,https://learn.microsoft.com/en-us/windows/win32/api/windows.ui.xaml.media.dxinterop/
Windowsceip.h,https://learn.microsoft.com/en-us/windows/win32/api/windowsceip/
Windowsdefender.h,https://learn.microsoft.com/en-us/windows/win32/api/windowsdefender/
Windowsstoragecom.h,https://learn.microsoft.com/en-us/windows/win32/api/windowsstoragecom/
Windowsx.h,https://learn.microsoft.com/en-us/windows/win32/api/windowsx/
Winefs.h,https://learn.microsoft.com/en-us/windows/win32/api/winefs/
Winenclaveapi.h,https://learn.microsoft.com/en-us/windows/win32/api/winenclaveapi/
Winerror.h,https://learn.microsoft.com/en-us/windows/win32/api/winerror/
Winevt.h,https://learn.microsoft.com/en-us/windows/win32/api/winevt/
Winfax.h,https://learn.microsoft.com/en-us/windows/win32/api/winfax/
Wingdi.h,https://learn.microsoft.com/en-us/windows/win32/api/wingdi/
Winhttp.h,https://learn.microsoft.com/en-us/windows/win32/api/winhttp/
Wininet.h,https://learn.microsoft.com/en-us/windows/win32/api/wininet/
Winineti.h,https://learn.microsoft.com/en-us/windows/win32/api/winineti/
Winioctl.h,https://learn.microsoft.com/en-us/windows/win32/api/winioctl/
Winldap.h,https://learn.microsoft.com/en-us/windows/win32/api/winldap/
Winml.h,https://learn.microsoft.com/en-us/windows/win32/api/winml/
Winnetwk.h,https://learn.microsoft.com/en-us/windows/win32/api/winnetwk/
Winnls.h,https://learn.microsoft.com/en-us/windows/win32/api/winnls/
Winnls32.h,https://learn.microsoft.com/en-us/windows/win32/api/winnls32/
Winnt.h,https://learn.microsoft.com/en-us/windows/win32/api/winnt/
Winperf.h,https://learn.microsoft.com/en-us/windows/win32/api/winperf/
Winreg.h,https://learn.microsoft.com/en-us/windows/win32/api/winreg/
Winsafer.h,https://learn.microsoft.com/en-us/windows/win32/api/winsafer/
Winsatcominterfacei.h,https://learn.microsoft.com/en-us/windows/win32/api/winsatcominterfacei/
Winscard.h,https://learn.microsoft.com/en-us/windows/win32/api/winscard/
Winsnmp.h,https://learn.microsoft.com/en-us/windows/win32/api/winsnmp/
Winsock.h,https://learn.microsoft.com/en-us/windows/win32/api/winsock/
Winsock2.h,https://learn.microsoft.com/en-us/windows/win32/api/winsock2/
Winstring.h,https://learn.microsoft.com/en-us/windows/win32/api/winstring/
Winsvc.h,https://learn.microsoft.com/en-us/windows/win32/api/winsvc/
Winsxs.h,https://learn.microsoft.com/en-us/windows/win32/api/winsxs/
Winsync.h,https://learn.microsoft.com/en-us/windows/win32/api/winsync/
Winternl.h,https://learn.microsoft.com/en-us/windows/win32/api/winternl/
Wintrust.h,https://learn.microsoft.com/en-us/windows/win32/api/wintrust/
Winusb.h,https://learn.microsoft.com/en-us/windows/win32/api/winusb/
Winusbio.h,https://learn.microsoft.com/en-us/windows/win32/api/winusbio/
Winuser.h,https://learn.microsoft.com/en-us/windows/win32/api/winuser/
Winver.h,https://learn.microsoft.com/en-us/windows/win32/api/winver/
Winwlx.h,https://learn.microsoft.com/en-us/windows/win32/api/winwlx/
Wlanapi.h,https://learn.microsoft.com/en-us/windows/win32/api/wlanapi/
Wldp.h,https://learn.microsoft.com/en-us/windows/win32/api/wldp/
Wmcodecdsp.h,https://learn.microsoft.com/en-us/windows/win32/api/wmcodecdsp/
Wmcontainer.h,https://learn.microsoft.com/en-us/windows/win32/api/wmcontainer/
Wmdmlog.h,https://learn.microsoft.com/en-us/windows/win32/api/wmdmlog/
Wmiutils.h,https://learn.microsoft.com/en-us/windows/win32/api/wmiutils/
Wmp.h,https://learn.microsoft.com/en-us/windows/win32/api/wmp/
Wnvapi.h,https://learn.microsoft.com/en-us/windows/win32/api/wnvapi/
Wofapi.h,https://learn.microsoft.com/en-us/windows/win32/api/wofapi/
Workspaceax.h,https://learn.microsoft.com/en-us/windows/win32/api/workspaceax/
Workspaceruntime.h,https://learn.microsoft.com/en-us/windows/win32/api/workspaceruntime/
Workspaceruntimeclientext.h,https://learn.microsoft.com/en-us/windows/win32/api/workspaceruntimeclientext/
Wow64apiset.h,https://learn.microsoft.com/en-us/windows/win32/api/wow64apiset/
Wpcapi.h,https://learn.microsoft.com/en-us/windows/win32/api/wpcapi/
Wpcevent.h,https://learn.microsoft.com/en-us/windows/win32/api/wpcevent/
Wrdsgraphicschannels.h,https://learn.microsoft.com/en-us/windows/win32/api/wrdsgraphicschannels/
Ws2atm.h,https://learn.microsoft.com/en-us/windows/win32/api/ws2atm/
Ws2bth.h,https://learn.microsoft.com/en-us/windows/win32/api/ws2bth/
Ws2def.h,https://learn.microsoft.com/en-us/windows/win32/api/ws2def/
Ws2ipdef.h,https://learn.microsoft.com/en-us/windows/win32/api/ws2ipdef/
Ws2spi.h,https://learn.microsoft.com/en-us/windows/win32/api/ws2spi/
Ws2tcpip.h,https://learn.microsoft.com/en-us/windows/win32/api/ws2tcpip/
Wsbapp.h,https://learn.microsoft.com/en-us/windows/win32/api/wsbapp/
Wsbonline.h,https://learn.microsoft.com/en-us/windows/win32/api/wsbonline/
Wscapi.h,https://learn.microsoft.com/en-us/windows/win32/api/wscapi/
Wsdattachment.h,https://learn.microsoft.com/en-us/windows/win32/api/wsdattachment/
Wsdbase.h,https://learn.microsoft.com/en-us/windows/win32/api/wsdbase/
Wsdclient.h,https://learn.microsoft.com/en-us/windows/win32/api/wsdclient/
Wsddisco.h,https://learn.microsoft.com/en-us/windows/win32/api/wsddisco/
Wsdevlicensing.h,https://learn.microsoft.com/en-us/windows/win32/api/wsdevlicensing/
Wsdhost.h,https://learn.microsoft.com/en-us/windows/win32/api/wsdhost/
Wsdtypes.h,https://learn.microsoft.com/en-us/windows/win32/api/wsdtypes/
Wsdutil.h,https://learn.microsoft.com/en-us/windows/win32/api/wsdutil/
Wsdxml.h,https://learn.microsoft.com/en-us/windows/win32/api/wsdxml/
Wsdxmldom.h,https://learn.microsoft.com/en-us/windows/win32/api/wsdxmldom/
Wsipv6ok.h,https://learn.microsoft.com/en-us/windows/win32/api/wsipv6ok/
Wslapi.h,https://learn.microsoft.com/en-us/windows/win32/api/wslapi/
Wsman.h,https://learn.microsoft.com/en-us/windows/win32/api/wsman/
Wsmandisp.h,https://learn.microsoft.com/en-us/windows/win32/api/wsmandisp/
Wsnwlink.h,https://learn.microsoft.com/en-us/windows/win32/api/wsnwlink/
Wsrm.h,https://learn.microsoft.com/en-us/windows/win32/api/wsrm/
Wtsapi32.h,https://learn.microsoft.com/en-us/windows/win32/api/wtsapi32/
Wtsdefs.h,https://learn.microsoft.com/en-us/windows/win32/api/wtsdefs/
Wtshintapi.h,https://learn.microsoft.com/en-us/windows/win32/api/wtshintapi/
Wtsprotocol.h,https://learn.microsoft.com/en-us/windows/win32/api/wtsprotocol/
Wtypes.h,https://learn.microsoft.com/en-us/windows/win32/api/wtypes/
Wtypesbase.h,https://learn.microsoft.com/en-us/windows/win32/api/wtypesbase/
Wuapi.h,https://learn.microsoft.com/en-us/windows/win32/api/wuapi/
X3daudio.h,https://learn.microsoft.com/en-us/windows/win32/api/x3daudio/
Xamlom.h,https://learn.microsoft.com/en-us/windows/win32/api/xamlom/
Xapo.h,https://learn.microsoft.com/en-us/windows/win32/api/xapo/
Xapobase.h,https://learn.microsoft.com/en-us/windows/win32/api/xapobase/
Xapofx.h,https://learn.microsoft.com/en-us/windows/win32/api/xapofx/
Xaudio2.h,https://learn.microsoft.com/en-us/windows/win32/api/xaudio2/
Xaudio2fx.h,https://learn.microsoft.com/en-us/windows/win32/api/xaudio2fx/
Xblidpauthmanager.h,https://learn.microsoft.com/en-us/windows/win32/api/xblidpauthmanager/
Xenroll.h,https://learn.microsoft.com/en-us/windows/win32/api/xenroll/
Xinput.h,https://learn.microsoft.com/en-us/windows/win32/api/xinput/
Xpsdigitalsignature.h,https://learn.microsoft.com/en-us/windows/win32/api/xpsdigitalsignature/
Xpsobjectmodel.h,https://learn.microsoft.com/en-us/windows/win32/api/xpsobjectmodel/
Xpsobjectmodel_1.h,https://learn.microsoft.com/en-us/windows/win32/api/xpsobjectmodel_1/
Xpsobjectmodel_2.h,https://learn.microsoft.com/en-us/windows/win32/api/xpsobjectmodel_2/
Xpsprint.h,https://learn.microsoft.com/en-us/windows/win32/api/xpsprint/
